title,company,postion,from,skill,link,salay,requirements
Senior Full Stack Python Developer,Luftborn ,"Heliopolis, Cairo, Egypt",7 days ago,Experienced · 5 - 8 Yrs of Exp · IT/Software Development · Python · Computer Science · Software · Software Development · python development · HTML · CSS · JavaScript · SQL,https://wuzzuf.net/jobs/p/umErRniA2Sld-Senior-Full-Stack-Python-Developer-Luftborn-Cairo-Egypt?o=1&l=sp&t=sj&a=python|search-v3|navbl,,
Senior Python Developer,"Nile Bits, LLC ","6th of October, Giza, Egypt",13 days ago,Experienced · 4 - 10 Yrs of Exp · IT/Software Development · JavaScript · Python · Software Engineering,https://wuzzuf.net/jobs/p/V9tpf9hKVtVu-Senior-Python-Developer-Nile-Bits-LLC-Giza-Egypt?o=2&l=sp&t=sj&a=python|search-v3|navbl,,
Wagtail (Python Django) Developer Remote - Urgent,GetTechForce.com ,"Cairo, Egypt",14 days ago,Experienced · 3+ Yrs of Exp · IT/Software Development · Engineering - Telecom/Technology · Python · React · FullStack · backend · Computer Science · Agile · Development · Django,https://wuzzuf.net/jobs/p/lLRPv82EYbk5-Wagtail-Python-Django-Developer-Remote---Urgent-GetTechForce-com-Cairo-Egypt?o=3&l=sp&t=sj&a=python|search-v3|navbl,,
Python Technical Lead,RDI ,"Dokki, Giza, Egypt",7 days ago,Experienced · 8+ Yrs of Exp · IT/Software Development · Operations/Management · Engineering - Telecom/Technology · Python · Flask · Django · MySQL · MongoDB · Docker · Kubernetes,https://wuzzuf.net/jobs/p/jVAMAEFs9QN9-Python-Technical-Lead-RDI-Giza-Egypt?o=4&l=sp&t=sj&a=python|search-v3|navbl,,
Senior Python / Django Developer,RDI ,"Dokki, Giza, Egypt",15 days ago,Experienced · 3+ Yrs of Exp · IT/Software Development · Engineering - Telecom/Technology · Django · Python · MySQL · GIT · Docker · javaScript · Angular · RESTful APIs,https://wuzzuf.net/jobs/p/UOTTbSsxB9Q7-Senior-Python-Django-Developer-RDI-Giza-Egypt?o=5&l=sp&t=sj&a=python|search-v3|navbl,,
Junior Python Developer,RDI ,"Dokki, Giza, Egypt",15 days ago,Entry Level · 1 - 3 Yrs of Exp · Business Development · IT/Software Development · Engineering - Telecom/Technology · Python · MySQL · JavaScript · React · Angular · RESTful · Django,https://wuzzuf.net/jobs/p/w9gACyzkbBpQ-Junior-Python-Developer-RDI-Giza-Egypt?o=6&l=sp&t=sj&a=python|search-v3|navbl,,
Senior Full Stack Python Engineer,Amwal Tech ,"Cairo, Egypt",20 days ago,Experienced · 4+ Yrs of Exp · IT/Software Development · Python · MySQL · jQuery · JavaScript · React · HTML5 · Software Development · Computer Engineering,https://wuzzuf.net/jobs/p/Sz7aIfCDRTJ1-Senior-Full-Stack-Python-Engineer-Amwal-Tech-Cairo-Egypt?o=7&l=sp&t=sj&a=python|search-v3|navbl,,
Python Developer,OdooTec ,"New Cairo, Cairo, Egypt",22 days ago,Entry Level · 1 - 2 Yrs of Exp · IT/Software Development · Engineering - Telecom/Technology · Odoo · MVC · Information Technology (IT) · Computer Science · Python · Software Development · CSS · Design,https://wuzzuf.net/jobs/p/eALeQDui1EFp-Python-Developer-OdooTec-Cairo-Egypt?o=8&l=sp&t=sj&a=python|search-v3|navbl,,
Python - Odoo Developer,Be In Track ,"Ain Shams, Cairo, Egypt",23 days ago,Experienced · 2 - 5 Yrs of Exp · Customer Service/Support · Agile · Computer Science · Git · Information Technology (IT) · JavaScript · Odoo · Programming · Python · Software,https://wuzzuf.net/jobs/p/OJFF30qtFBvM-Python---Odoo-Developer-Be-In-Track-Cairo-Egypt?o=9&l=sp&t=sj&a=python|search-v3|navbl,,
Python Developer (FinTech),Bright Creations ,"Smart Village, Giza, Egypt",26 days ago,Experienced · 2+ Yrs of Exp · IT/Software Development · Engineering - Telecom/Technology · Python · Django · Flask · Python Scripting · Web Scraping · WWeb Scraping · CI · Computer Science,https://wuzzuf.net/jobs/p/nmicCQZOcUlE-Python-Developer-FinTech-Bright-Creations-Giza-Egypt?o=10&l=sp&t=sj&a=python|search-v3|navbl,,
Senior Python Developer (Relocation),Musala Soft ,"Sofia, Bulgaria",28 days ago,Experienced · 5+ Yrs of Exp · IT/Software Development · backend · Computer Science · Development · English · Information Technology (IT) · OOP · Software Development · Software · Kubernetes,https://wuzzuf.net/jobs/p/njyfOAPiZK5v-Senior-Python-Developer-Relocation-Musala-Soft-Sofia-Bulgaria?o=11&l=sp&t=sj&a=python|search-v3|navbl,,
"Senior Python,Django Back-End Developer",Your Parts ,"Maadi, Cairo, Egypt",30 days ago,Experienced · 4 - 6 Yrs of Exp · IT/Software Development · back-end · Back-End Developer · Computer Science · developer · Django · Python · Software Development · Software Engineering,https://wuzzuf.net/jobs/p/TX1vFJhjI84v-Senior-PythonDjango-Back-End-Developer-Your-Parts-Cairo-Egypt?o=12&l=sp&t=sj&a=python|search-v3|navbl,,
Senior Software Engineer - Python,ITWORX ,"Nasr City, Cairo, Egypt",1 month ago,Experienced · 3 - 5 Yrs of Exp · IT/Software Development · Computer Science · Python · React · Django · Information Technology (IT) · Software Engineering · AWS,https://wuzzuf.net/jobs/p/7lioBbpNN2sp-Senior-Software-Engineer---Python-ITWORX-Cairo-Egypt?o=13&l=sp&t=sj&a=python|search-v3|navbl,,
Regular Python Developer,Luxoft (A DXC Technology Company) ,"Cairo, Egypt",1 month ago,Experienced · 3 - 4 Yrs of Exp · IT/Software Development · Python · c++ · Software Development,https://wuzzuf.net/jobs/p/PIDU3P1mRuKG-Regular-Python-Developer-Luxoft-A-DXC-Technology-Company-Cairo-Egypt?o=14&l=sp&t=sj&a=python|search-v3|navbl,,
Senior Full Stack React/ Python (Django) Developer - Remote,GetTechForce.com ,"Cairo, Egypt",1 month ago,Experienced · 5+ Yrs of Exp · IT/Software Development · Engineering - Telecom/Technology · Agile · Computer Science · APIs · CSS · Design · Development · Front end · HTML,https://wuzzuf.net/jobs/p/JbQeLPSkcsfX-Senior-Full-Stack-React-Python-Django-Developer---Remote-GetTechForce-com-Cairo-Egypt?o=15&l=sp&t=sj&a=python|search-v3|navbl,,
Python Developer,GetTechForce.com ,"Cairo, Egypt",1 month ago,Experienced · 3+ Yrs of Exp · IT/Software Development · Engineering - Telecom/Technology · Engineering - Other · Flask · Python · Software Development · Computer Science · Information Technology (IT) · Frameworks · Kubernetes,https://wuzzuf.net/jobs/p/MEdF7MFl6qZV-Python-Developer-GetTechForce-com-Cairo-Egypt?o=16&l=sp&t=sj&a=python|search-v3|navbl,,
Senior Odoo Developer,Confidential ,"Nasr City, Cairo, Egypt",6 days ago,Experienced · 5 - 7 Yrs of Exp · Installation/Maintenance/Repair · IT/Software Development · Engineering - Telecom/Technology · Odoo · Information Technology (IT) · ERP · Odoo ERP · Accounting · Computer Science · Odoo Development,https://wuzzuf.net/jobs/p/yZ35zdjyjetO-Senior-Odoo-Developer-Cairo-Egypt?o=17&l=sp&t=sj&a=python|search-v3|navbl,,
Senior Odoo Developer,RISEUP (Endemag for Administrative Skills Development) ,"Mohandessin, Giza, Egypt",8 days ago,Experienced · 3 - 5 Yrs of Exp · Accounting/Finance · IT/Software Development · Purchasing/Procurement · Computer Science · CSS · HTML · Information Technology (IT) · JavaScript · Odoo · PostgreSQL,https://wuzzuf.net/jobs/p/gkvkIrtHvjjF-Senior-Odoo-Developer-RISEUP-Endemag-for-Administrative-Skills-Development-Giza-Egypt?o=18&l=sp&t=sj&a=python|search-v3|navbl,,
Linux System Administrator,OpenCode ,"Maadi, Cairo, Egypt",16 hours ago,Experienced · 3+ Yrs of Exp · IT/Software Development · Engineering - Telecom/Technology · Telecommunication · MNOs · VAS · SS7 · VXML · ISUP · MAP · CAP,https://wuzzuf.net/jobs/p/rRrQynyg8zHc-Linux-System-Administrator-OpenCode-Cairo-Egypt?o=19&l=sp&t=sj&a=python|search-v3|navbl,,
Data Scientist,Confidential ,"Giza, Egypt",2 days ago,Experienced · 2 - 4 Yrs of Exp · IT/Software Development · Analyst/Research · Engineering - Telecom/Technology · Computer Science · Data Science · data scientist · Engineering · Data · Information Technology (IT) · Python,https://wuzzuf.net/jobs/p/EVzEDYkzxJg2-Data-Scientist-Giza-Egypt?o=20&l=sp&t=sj&a=python|search-v3|navbl,,
DevOps Team Lead,Trufla ,"Heliopolis, Cairo, Egypt",2 days ago,Manager · 5+ Yrs of Exp · IT/Software Development · Engineering - Telecom/Technology · AWS · Computer Science · Docker · Leadership · Linux · MySQL · Python · Software Development,https://wuzzuf.net/jobs/p/VCRmtKlV0M2F-DevOps-Team-Lead-Trufla-Cairo-Egypt?o=21&l=sp&t=sj&a=python|search-v3|navbl,,
Senior Software Engineer,Tafeal ,"Riyadh, Saudi Arabia",6 days ago,Experienced · 4 - 6 Yrs of Exp · IT/Software Development · Agile · JSON · Python · REST · Software Development · Computer Science · Design · Programming · Software Engineering,https://wuzzuf.net/jobs/p/fNzjv3syEZqk-Senior-Software-Engineer-Tafeal-Riyadh-Saudi-Arabia?o=22&l=sp&t=sj&a=python|search-v3|navbl,,
Machine Learning Engineer,Equilibrium Technologies ,"Cairo, Egypt",6 days ago,Experienced · 2 - 10 Yrs of Exp · IT/Software Development · Machine Learning · Computer Science · Artificial Intelligence (AI) · DevOps · Python,https://wuzzuf.net/jobs/p/dfVo2jjZ7Zgm-Machine-Learning-Engineer-Equilibrium-Technologies-Cairo-Egypt?o=23&l=sp&t=sj&a=python|search-v3|navbl,,
Senior Data Scientist,Confidential ,"New Nozha, Cairo, Egypt",5 days ago,Experienced · 4 - 6 Yrs of Exp · R&D/Science · Business Development · Analyst/Research · Analysis · Data Science · Information Technology (IT) · Engineering · Computer Science · Software Engineering · Software Development,https://wuzzuf.net/jobs/p/8MHaaeCAwJzU-Senior-Data-Scientist-Cairo-Egypt?o=24&l=sp&t=sj&a=python|search-v3|navbl,,
Odoo developer expert,Thaka International ,"Badr City, Cairo, Egypt",13 days ago,Experienced · 2 - 5 Yrs of Exp · Installation/Maintenance/Repair · IT/Software Development · Engineering - Telecom/Technology · Odoo Development · Software Engineering · Information Technology (IT) · Programming · HTML · jQuery · PostgreSQL,https://wuzzuf.net/jobs/p/BNYIr1DrNvul-Odoo-developer-expert-Thaka-International-Cairo-Egypt?o=25&l=sp&t=sj&a=python|search-v3|navbl,,
Full-stack Developer (Django & ReactJS),SSC Egypt ,"Maadi, Cairo, Egypt",14 days ago,Experienced · 3 - 4 Yrs of Exp · IT/Software Development · REST · Python · JavaScript · diango · Git · HTML · CSS · React · Docker,https://wuzzuf.net/jobs/p/XmEUvMXl7AW9-Full-stack-Developer-Django-ReactJS-SSC-Egypt-Cairo-Egypt?o=26&l=sp&t=sj&a=python|search-v3|navbl,,
Odoo Developer,Superior Business Solutions ,"Nasr City, Cairo, Egypt",8 days ago,Entry Level · 2 - 6 Yrs of Exp · IT/Software Development · Engineering - Telecom/Technology · Information Technology (IT) · Computer Science · Engineering · Odoo · Python · POC · Software Design · ERP,https://wuzzuf.net/jobs/p/AAFH0r5jC9T8-Odoo-Developer-Superior-Business-Solutions-Cairo-Egypt?o=27&l=sp&t=sj&a=python|search-v3|navbl,,
Elastic Enabler Expert,Orange Business ,"Nasr City, Cairo, Egypt",12 days ago,Experienced · 5 - 9 Yrs of Exp · IT/Software Development · Kubernetes · DevOps · Elastic · elk · Elasticsearch · elastic stack · logstash · elastic cloud · metricbeat,https://wuzzuf.net/jobs/p/esM5vXrGSdNf-Elastic-Enabler-Expert-Orange-Business-Cairo-Egypt?o=28&l=sp&t=sj&a=python|search-v3|navbl,,
Ruby ON Rails Developer,Confidential ,"Nasr City, Cairo, Egypt",6 days ago,Experienced · 1 - 5 Yrs of Exp · IT/Software Development · Quality · APIs · Information Technology (IT) · JavaScript · MVC · Programming · Ruby · Rails · Python,https://wuzzuf.net/jobs/p/FSc0N0zSlthe-Ruby-ON-Rails-Developer-Cairo-Egypt?o=29&l=sp&t=sj&a=python|search-v3|navbl,,
Data Analyst,London International Patient Services ,"Sheraton, Cairo, Egypt",14 days ago,Entry Level · 1 - 2 Yrs of Exp · IT/Software Development · Analyst/Research · Engineering - Telecom/Technology · Customer Support · XML · Software Development · Computer Skills · English · Support Desk · Technical Support,https://wuzzuf.net/jobs/p/oi4BuGQEFaXn-Data-Analyst-London-International-Patient-Services-Cairo-Egypt?o=30&l=sp&t=sj&a=python|search-v3|navbl,,
Senior Full Stack Developer,Centro CDX ,"Maadi, Cairo, Egypt",14 days ago,Experienced · 5+ Yrs of Exp · IT/Software Development · Engineering - Telecom/Technology · .Net · Angular · C# · HTML · JavaScript · Python · ASP.Net · Software Development,https://wuzzuf.net/jobs/p/MxEiIvwUkSEm-Senior-Full-Stack-Developer-Centro-CDX-Cairo-Egypt?o=31&l=sp&t=sj&a=python|search-v3|navbl,,
Junior Software Tester,RDI ,"Dokki, Giza, Egypt",8 days ago,Entry Level · 1 - 3 Yrs of Exp · IT/Software Development · Quality · Engineering - Telecom/Technology · Testing · Software Testing · QC · Quality Control · Automation Testing · API · JMeter,https://wuzzuf.net/jobs/p/USO9xeaTU5qs-Junior-Software-Tester-RDI-Giza-Egypt?o=32&l=sp&t=sj&a=python|search-v3|navbl,,
Data Analyst,Safa International Travel ,"Dokki, Giza, Egypt",15 days ago,Experienced · 3 - 5 Yrs of Exp · Business Development · Analyst/Research · Analyze · Analysis · BI · business · Computer Science · Data · Data Analysis · Database,https://wuzzuf.net/jobs/p/DXVhZh7EX9nn-Data-Analyst-Safa-International-Travel-Giza-Egypt?o=33&l=sp&t=sj&a=python|search-v3|navbl,,
Backend Developer -Senior,intella ,"Dokki, Giza, Egypt",15 days ago,Experienced · 3 - 5 Yrs of Exp · IT/Software Development · Engineering - Telecom/Technology · backend · Computer Science · engineer · Software · Software Development · Software Engineering · Software engineer · Information Technology (IT),https://wuzzuf.net/jobs/p/feC0HhrTkAQP-Backend-Developer--Senior-intella-Giza-Egypt?o=34&l=sp&t=sj&a=python|search-v3|navbl,,
Linux System Admin- Alexandria,Caduceus Lane ,"Alexandria, Egypt",16 days ago,Experienced · 3+ Yrs of Exp · Installation/Maintenance/Repair · IT/Software Development · Engineering - Telecom/Technology · Apache · CentOS · Computer Science · DNS · HTTP · Information Systems · Information Technology (IT),https://wuzzuf.net/jobs/p/ehpXRQ0fvd4O-Linux-System-Admin--Alexandria-Caduceus-Lane-Alexandria-Egypt?o=35&l=sp&t=sj&a=python|search-v3|navbl,,
Odoo Developer,Archer Solutions ,"New Cairo, Cairo, Egypt",16 days ago,Experienced · 2+ Yrs of Exp · IT/Software Development · Engineering - Telecom/Technology · Odoo · Python · PostgreSQL · Github · Computer Engineering · Computer Science · Odoo Development · Software Development,https://wuzzuf.net/jobs/p/hln9x8h4I7vu-Odoo-Developer-Archer-Solutions-Cairo-Egypt?o=36&l=sp&t=sj&a=python|search-v3|navbl,,
Senior Odoo Developer,E-Jawdah ,"Nasr City, Cairo, Egypt",20 days ago,Experienced · 5 - 8 Yrs of Exp · IT/Software Development · Engineering - Telecom/Technology · Odoo · Python · Development · Computer Science · Information Technology (IT),https://wuzzuf.net/jobs/p/YnjE54GZk95R-Senior-Odoo-Developer-E-Jawdah-Cairo-Egypt?o=37&l=sp&t=sj&a=python|search-v3|navbl,,
Sr. Back End /Full stack,Salem Ventures ,"New Cairo, Cairo, Egypt",13 days ago,Experienced · 5 - 8 Yrs of Exp · Creative/Design/Art · IT/Software Development · Engineering - Telecom/Technology · Agile · API · AWS · back-end · Computer Science · front-end · Information Technology (IT),https://wuzzuf.net/jobs/p/0fAGL6YwEpxQ-Sr-Back-End-Full-stack-Salem-Ventures-Cairo-Egypt?o=38&l=sp&t=sj&a=python|search-v3|navbl,,
System Administrator,Servmix ,"Cairo, Egypt",18 days ago,Experienced · 1+ Yrs of Exp · Administration · IT/Software Development · Engineering - Telecom/Technology · Computer Science · Information Technology (IT) · Linux · Python · MySQL · WordPress · WHMCS,https://wuzzuf.net/jobs/p/9ml9DvHbrhTd-System-Administrator-Servmix-Cairo-Egypt?o=39&l=sp&t=sj&a=python|search-v3|navbl,,
Big Data Engineer,Worex ,"Maadi, Cairo, Egypt",15 days ago,Entry Level · 2 - 4 Yrs of Exp · IT/Software Development · Analyst/Research · Engineering - Telecom/Technology · Data · Big Data · Information Technology (IT) · Computer Engineering · Hadoop · ETL · NoSQL,https://wuzzuf.net/jobs/p/nyW6cF5Ydjnt-Big-Data-Engineer-Worex-Cairo-Egypt?o=40&l=sp&t=sj&a=python|search-v3|navbl,,
Data Scientist,Seoudi Supermarket ,"Sheikh Zayed, Giza, Egypt",19 days ago,Experienced · 1 - 4 Yrs of Exp · IT/Software Development · Analyst/Research · Engineering - Telecom/Technology · Computer Science · Data Science · Programming · Python · Algorithms · SQL,https://wuzzuf.net/jobs/p/VssduzQBDTOi-Data-Scientist-Seoudi-Supermarket-Giza-Egypt?o=41&l=sp&t=sj&a=python|search-v3|navbl,,
Senior Computer Vision Engineer,TensorGraph ,"Maadi, Cairo, Egypt",21 days ago,Experienced · 4 - 6 Yrs of Exp · IT/Software Development · Engineering - Telecom/Technology · Computer Science · Engineering · Python · R · PyTorch · TensorFlow · Scikit-learn · Troubleshooting,https://wuzzuf.net/jobs/p/6Y0UFr28bvE8-Senior-Computer-Vision-Engineer-TensorGraph-Cairo-Egypt?o=42&l=sp&t=sj&a=python|search-v3|navbl,,
Odoo Developer,Arabia for Information Technology ,"Cairo, Egypt",21 days ago,Experienced · 3+ Yrs of Exp · IT/Software Development · Engineering - Telecom/Technology · Odoo · Python · PostgreSQL · ERP · Odoo Development · Odoo ERP,https://wuzzuf.net/jobs/p/NdyzaIn7yuBA-Odoo-Developer-Arabia-for-Information-Technology-Cairo-Egypt?o=43&l=sp&t=sj&a=python|search-v3|navbl,,
Odoo Senior Developer,IT Systems Corporation ,"6th of October, Giza, Egypt",23 days ago,Experienced · 2+ Yrs of Exp · IT/Software Development · Engineering - Telecom/Technology · Information Technology (IT) · Computer Science · Python · ODOO · Development · Django · E-commerce · Postgres,https://wuzzuf.net/jobs/p/j0UTG7vqx2k8-Odoo-Senior-Developer-IT-Systems-Corporation-Giza-Egypt?o=44&l=sp&t=sj&a=python|search-v3|navbl,,
Odoo Developer,Egypt Gold  ,"Heliopolis, Cairo, Egypt",22 days ago,Experienced · 3 - 5 Yrs of Exp · Installation/Maintenance/Repair · IT/Software Development · Engineering - Telecom/Technology · Accounting · API · Python · CSS · Information Technology (IT) · XML · PostgreSQL,https://wuzzuf.net/jobs/p/886Xw2Myr9r2-Odoo-Developer-Egypt-Gold-Cairo-Egypt?o=45&l=sp&t=sj&a=python|search-v3|navbl,,
Senior Software Engineer - BackEnd,intella ,"Dokki, Giza, Egypt",22 days ago,Experienced · 3 - 5 Yrs of Exp · IT/Software Development · Engineering - Telecom/Technology · backend · Computer Science · engineer · Software · Software Development · Software Engineering · Software engineer · Information Technology (IT),https://wuzzuf.net/jobs/p/M95ROSWJ2xKK-Senior-Software-Engineer---BackEnd-intella-Giza-Egypt?o=46&l=sp&t=sj&a=python|search-v3|navbl,,
Data Science Software Engineer Intern,Seuqel Solutions ,"Cairo, Egypt",26 days ago,Student · 0 - 1 Yrs of Exp · IT/Software Development · Engineering - Telecom/Technology · Computer Science · Algorithms · Information Technology (IT) · Python · Software · Software Development · Software Engineering · Programming,https://wuzzuf.net/internship/woPTqpa9WDRl-Data-Science-Software-Engineer-Intern-Seuqel-Solutions-Cairo-Egypt?o=47&l=sp&t=sj&a=python|search-v3|navbl,,
Cloud DevOps Engineer,ServerHub ,"Cairo, Egypt",26 days ago,Experienced · 1 - 10 Yrs of Exp · IT/Software Development · Engineering - Telecom/Technology · Docker · Ansible · Nginx · DevOps · Gitlab · Python · Linux · Information Technology (IT),https://wuzzuf.net/jobs/p/pCO2yefU8465-Cloud-DevOps-Engineer-ServerHub-Cairo-Egypt?o=48&l=sp&t=sj&a=python|search-v3|navbl,,
Senior Odoo Developer,Peerless ,"Mohandessin, Giza, Egypt",26 days ago,Experienced · 3 - 5 Yrs of Exp · IT/Software Development · Engineering - Telecom/Technology · Odoo · PostgreSQL · jQuery · JavaScript · XML · HTML · Odoo Development · odoo migration,https://wuzzuf.net/jobs/p/mPod5Xibz9s6-Senior-Odoo-Developer-Peerless-Giza-Egypt?o=49&l=sp&t=sj&a=python|search-v3|navbl,,
Odoo Developer,Al-hakeema ,"Nasr City, Cairo, Egypt",30 days ago,Experienced · 2 - 5 Yrs of Exp · males_preferred · IT/Software Development · Implementation · ERP · Engineering · Computer Science · Sales · Odoo ERP · Odoo · MVC · Information Technology (IT),https://wuzzuf.net/jobs/p/dwYaww9FHg3a-Odoo-Developer-Al-hakeema-Cairo-Egypt?o=50&l=sp&t=sj&a=python|search-v3|navbl,,
Odoo Developer,arabianopensource ,"Cairo, Egypt",28 days ago,Experienced · 1 - 4 Yrs of Exp · IT/Software Development · Python · Information Technology (IT) · Odoo · SQL · XML · Programming · Front end · JavaScript · PostgreSQL,https://wuzzuf.net/jobs/p/MPoCwtjvdEzV-Odoo-Developer-arabianopensource-Cairo-Egypt?o=51&l=sp&t=sj&a=python|search-v3|navbl,,
Linux System Administrator,Softxpert Incorporation  ,"Alexandria, Egypt",30 days ago,Experienced · 1 - 4 Yrs of Exp · Administration · IT/Software Development · Engineering - Telecom/Technology · Administration · Linux · Engineering · Security · System Administration · AWS · Computer Science,https://wuzzuf.net/jobs/p/h1bPuHHuNDFi-Linux-System-Administrator-Softxpert-Incorporation-Alexandria-Egypt?o=52&l=sp&t=sj&a=python|search-v3|navbl,,
Laravel and React Software Engineer,Libertas ,"Maadi, Cairo, Egypt",30 days ago,Experienced · 1 - 5 Yrs of Exp · IT/Software Development · Engineering - Telecom/Technology · Computer Science · Information Technology (IT) · JavaScript · Laravel · MySQL · PHP · React · Redis,https://wuzzuf.net/jobs/p/njWneEzED44m-Laravel-and-React-Software-Engineer-Libertas-Cairo-Egypt?o=53&l=sp&t=sj&a=python|search-v3|navbl,,
Odoo Developer,Rashid Al Jabri Group ,"Dubai, United Arab Emirates",1 month ago,Experienced · 4 - 10 Yrs of Exp · IT/Software Development · Odoo Development · ODOO DEVELOPER · Information Technology (IT) · Odoo · Python · Programming · Computer Science · Software Development · JavaScript,https://wuzzuf.net/jobs/p/0D9waiTwckuS-Odoo-Developer-Rashid-Al-Jabri-Group-Dubai-United-Arab-Emirates?o=54&l=sp&t=sj&a=python|search-v3|navbl,,
Odoo Developer,Exceed ,"Cairo, Egypt",1 month ago,Experienced · 3 - 9 Yrs of Exp · IT/Software Development · Linux · Git · Odoo · Python · PostgreSQL,https://wuzzuf.net/jobs/p/dlNhC0JhaVjD-Odoo-Developer-Exceed-Cairo-Egypt?o=55&l=sp&t=sj&a=python|search-v3|navbl,,
Senior Full Stack Developer,Eden Solutions ,"Cairo, Egypt",30 days ago,Experienced · 3+ Yrs of Exp · IT/Software Development · Engineering - Telecom/Technology · software · typescript · Node · Compuer Science · MongoDB · React · AWS · SQL,https://wuzzuf.net/jobs/p/1AqXyZVqDSXF-Senior-Full-Stack-Developer-Eden-Solutions-Cairo-Egypt?o=56&l=sp&t=sj&a=python|search-v3|navbl,,
Senior Software Engineer - VoIP,Bevatel ,"Dokki, Giza, Egypt",1 month ago,Experienced · 3 - 5 Yrs of Exp · IT/Software Development · Computer Science · PHP · Linux · Asterisk · Docker · Git · Python · VOIP · SIP,https://wuzzuf.net/jobs/p/ykPxK7nDYEQH-Senior-Software-Engineer---VoIP-Bevatel-Giza-Egypt?o=57&l=sp&t=sj&a=python|search-v3|navbl,,
Senior GIS Developer,RTR Software Solutions  ,"Nasr City, Cairo, Egypt",1 month ago,Experienced · 4 - 6 Yrs of Exp · IT/Software Development · GIS · Development · Information Technology (IT) · Python · Java · .Net Framework · GIS Analysis · Arc GIS · openlayers,https://wuzzuf.net/jobs/p/0TGSH2sk5P4Z-Senior-GIS-Developer-RTR-Software-Solutions-Cairo-Egypt?o=58&l=sp&t=sj&a=python|search-v3|navbl,,
Regular/Senior C++ Developer,Luxoft (A DXC Technology Company) ,"Cairo, Egypt",1 month ago,Experienced · 3 - 5 Yrs of Exp · IT/Software Development · C++ · Python · Software Development · Software · Programming,https://wuzzuf.net/jobs/p/Ay20zZ2MDsyT-RegularSenior-C-Developer-Luxoft-A-DXC-Technology-Company-Cairo-Egypt?o=59&l=sp&t=sj&a=python|search-v3|navbl,,
Data Analyst,Al Ahly capital holding - Al Ahly Tamkeen ,"Zamalek, Cairo, Egypt",1 month ago,Experienced · 1 - 3 Yrs of Exp · IT/Software Development · Analyst/Research · Engineering - Telecom/Technology · Analysis · BI · Computer Science · Data · analytical · Information Technology (IT) · Reporting,https://wuzzuf.net/jobs/p/DJ5VofdSWmu7-Data-Analyst-Al-Ahly-capital-holding---Al-Ahly-Tamkeen-Cairo-Egypt?o=60&l=sp&t=sj&a=python|search-v3|navbl,,
"Data Scientist ""Senior/Lead""",Confidential ,"New Cairo, Cairo, Egypt",1 month ago,Experienced · 2 - 10 Yrs of Exp · R&D/Science · IT/Software Development · Algorithms · Computer Science · Data Science · Information Technology (IT) · Python · Spark · Statistics · Machine Learning,https://wuzzuf.net/jobs/p/PmQv2opPhA7S-Data-Scientist-SeniorLead-Cairo-Egypt?o=61&l=sp&t=sj&a=python|search-v3|navbl,,
Sr. DevOps Engineer,Devexy ,"Heliopolis, Cairo, Egypt",1 month ago,Experienced · 3 - 7 Yrs of Exp · IT/Software Development · Kubernetes · Docker · Linux · Python · JavaScript · AWS · Azure · Oracle cloud · SQL Server,https://wuzzuf.net/jobs/p/k0rlz9Rc4rgh-Sr-DevOps-Engineer-Devexy-Cairo-Egypt?o=62&l=sp&t=sj&a=python|search-v3|navbl,,
Senior Full Stack Developer,Trufla ,"Heliopolis, Cairo, Egypt",2 months ago,Experienced · 6+ Yrs of Exp · IT/Software Development · Engineering - Telecom/Technology · APIs · AWS · Computer Science · front-end · Information Technology (IT) · Java · JavaScript · Laravel,https://wuzzuf.net/jobs/p/hh4PopoV8Ey5-Senior-Full-Stack-Developer-Trufla-Cairo-Egypt?o=63&l=sp&t=sj&a=python|search-v3|navbl,,
Sr. BI & Reporting Specialist,Masary ,"Mokattam, Cairo, Egypt",1 month ago,Experienced · 3 - 5 Yrs of Exp · Accounting/Finance · Business Development · Engineering - Telecom/Technology · Power BI · OBIEE · MS Office · Banking Sector · Computer Science · Information Technology (IT) · English,https://wuzzuf.net/jobs/p/AsscYIsFGKxR-Sr-BI-Reporting-Specialist-Masary-Cairo-Egypt?o=64&l=sp&t=sj&a=python|search-v3|navbl,,
ERPNext Specialist/Data Analyst,Confidential ,"Alexandria, Egypt",2 months ago,Experienced · 5+ Yrs of Exp · IT/Software Development · Business Intelligence · BI · Data Analyst · Data Mining · Power BI · Data Analysis · ERPNext · ERP Implementation · Technical Support,https://wuzzuf.net/jobs/p/sQk7nEB7BSrD-ERPNext-SpecialistData-Analyst-Alexandria-Egypt?o=65&l=sp&t=sj&a=python|search-v3|navbl,,
Odoo Developer,National Technology ,"Nasr City, Cairo, Egypt",2 months ago,Entry Level · 1 - 2 Yrs of Exp · Installation/Maintenance/Repair · IT/Software Development · Engineering - Telecom/Technology · Communication skills · Computer Science · Information Technology (IT) · Odoo · Python · Telecom Engineering,https://wuzzuf.net/jobs/p/X9NYZLbCDGDo-Odoo-Developer-National-Technology-Cairo-Egypt?o=66&l=sp&t=sj&a=python|search-v3|navbl,,
Full stack developer [PHP - Laravel],Confidential ,"New Cairo, Cairo, Egypt",2 months ago,Experienced · 5+ Yrs of Exp · IT/Software Development · Engineering - Telecom/Technology · Computer Science · Software Development · Information Technology (IT) · Software Engineering · PHP · Python · Software,https://wuzzuf.net/jobs/p/dFoQWrZ8gGnO-Full-stack-developer-PHP---Laravel-Cairo-Egypt?o=67&l=sp&t=sj&a=python|search-v3|navbl,,
Senior Backend Developer,Melior for Information Technology ,"Cairo, Egypt",2 months ago,Experienced · 4 - 7 Yrs of Exp · IT/Software Development · Python · Computer Science · Software,https://wuzzuf.net/jobs/p/SZdKodoWyAai-Senior-Backend-Developer-Melior-for-Information-Technology-Cairo-Egypt?o=68&l=sp&t=sj&a=python|search-v3|navbl,,
Django,Cyparta ,"6th of October, Giza, Egypt",2 months ago,Entry Level · 1 - 3 Yrs of Exp · IT/Software Development · Computer Science · Django · Python · Information Technology (IT),https://wuzzuf.net/jobs/p/A9KBrl8BGqST-Django-Cyparta-Giza-Egypt?o=69&l=sp&t=sj&a=python|search-v3|navbl,,
Odoo developer,Thaka International ,"Badr City, Cairo, Egypt",2 months ago,Experienced · 2 - 4 Yrs of Exp · Installation/Maintenance/Repair · IT/Software Development · Engineering - Mechanical/Electrical · Odoo Development · Software Engineering · Information Technology (IT) · Programming · HTML · jQuery · PostgreSQL,https://wuzzuf.net/jobs/p/m3lsVFWGIxqL-Odoo-developer-Thaka-International-Cairo-Egypt?o=70&l=sp&t=sj&a=python|search-v3|navbl,,
Odoo Developer,Confidential ,"Heliopolis, Cairo, Egypt",2 months ago,Senior Management · 4 - 8 Yrs of Exp · IT/Software Development · Odoo · HTML · JavaScript · Python · XML · PostgreSQL · Odoo Development,https://wuzzuf.net/jobs/p/lv1hWmxAZdbi-Odoo-Developer-Cairo-Egypt?o=71&l=sp&t=sj&a=python|search-v3|navbl,,
Full Stack Magento Developer,Azza Fahmy Jewellery ,"Zamalek, Cairo, Egypt",2 months ago,Experienced · 3 - 5 Yrs of Exp · IT/Software Development · Computer Science · Information Technology (IT) · Java · PHP · Magento · Python · HTML,https://wuzzuf.net/jobs/p/5BSdJy2Ll6jR-Full-Stack-Magento-Developer-Azza-Fahmy-Jewellery-Cairo-Egypt?o=72&l=sp&t=sj&a=python|search-v3|navbl,,
Backend Developer,Nahdet Misr Publishing Group ,"Mohandessin, Giza, Egypt",2 months ago,Entry Level · 1 - 2 Yrs of Exp · IT/Software Development · Engineering - Telecom/Technology · Engineering - Other · backend · API · Computer Science · Information Technology (IT) · Java · Programming · Python,https://wuzzuf.net/jobs/p/itPEzxhy5VCD-Backend-Developer-Nahdet-Misr-Publishing-Group-Giza-Egypt?o=73&l=sp&t=sj&a=python|search-v3|navbl,,
PHP Lead,LINK Development ,"Maadi, Cairo, Egypt",2 months ago,Manager · 5 - 15 Yrs of Exp · IT/Software Development · Operations/Management · Engineering - Telecom/Technology · PHP · Computer Science · Information Technology (IT) · Software Development · Engineering · Laravel · Drupal,https://wuzzuf.net/jobs/p/Ppcjqcdpi4au-PHP-Lead-LINK-Development-Cairo-Egypt?o=74&l=sp&t=sj&a=python|search-v3|navbl,,
Telecom Engineer,OpenCode ,"Maadi, Cairo, Egypt",2 months ago,Experienced · 3+ Yrs of Exp · IT/Software Development · Engineering - Telecom/Technology · SMPP · INAP · HLR · Perl · PHP · Python · SS7 · Sigtran,https://wuzzuf.net/jobs/p/DLu9nypRdhSX-Telecom-Engineer-OpenCode-Cairo-Egypt?o=75&l=sp&t=sj&a=python|search-v3|navbl,,
senior Odoo Developer,Confidential ,"Cairo, Egypt",14 days ago,Experienced · 5 - 10 Yrs of Exp · males_only · Accounting/Finance · IT/Software Development · Engineering - Telecom/Technology · Computer Science · ERP · Engineering · Software Development · Odoo · Programming,https://wuzzuf.net/jobs/p/eyvvLoNva4A9-senior-Odoo-Developer-Cairo-Egypt?o=76&l=sp&t=sj&a=python|search-v3|navbl,,
Senior Odoo Developer,National Technology ,"Nasr City, Cairo, Egypt",1 day ago,Experienced · 3 - 5 Yrs of Exp · Business Development · IT/Software Development · Engineering - Telecom/Technology · Computer Science · Design · Engineering · Frameworks · Information Technology (IT) · Java · Java EE,https://wuzzuf.net/jobs/p/O2X7RvmL58cM-Senior-Odoo-Developer-National-Technology-Cairo-Egypt?o=77&l=sp&t=sj&a=python|search-v3|navbl,,
Coding Teacher,More Ideas LLC ,"Alexandria, Egypt",13 hours ago,Entry Level · 1 - 15 Yrs of Exp · Education/Teaching · teacher · Coding · Teaching,https://wuzzuf.net/jobs/p/SxIUZNpG0daN-Coding-Teacher-More-Ideas-LLC-Alexandria-Egypt?o=78&l=sp&t=sj&a=python|search-v3|navbl,,
Security Software Developer - ELK,Orange Business ,"Nasr City, Cairo, Egypt",14 days ago,Experienced · 2 - 8 Yrs of Exp · IT/Software Development · Engineering - Telecom/Technology · Ansible · Gitlab · ci/cd · Docker · docker hub · Linux · elk · Elasticsearch,https://wuzzuf.net/jobs/p/YA3VQbscUyfv-Security-Software-Developer---ELK-Orange-Business-Cairo-Egypt?o=79&l=sp&t=sj&a=python|search-v3|navbl,,
Senior User Acceptance Tester - Cairo,Etisalat Egypt ,"Maadi, Cairo, Egypt",11 hours ago,Experienced · 2+ Yrs of Exp · IT/Software Development · Engineering - Telecom/Technology · Accounting · Analyst · Computer Science · Information Technology (IT) · Analysis · Software · Certified Software Tester · Certified Tester Foundation Level,https://wuzzuf.net/jobs/p/dvHQbghsrcOm-Senior-User-Acceptance-Tester---Cairo-Etisalat-Egypt-Cairo-Egypt?o=80&l=sp&t=sj&a=python|search-v3|navbl,,
Full Stack Developer,appcorp ,"Heliopolis, Cairo, Egypt",1 day ago,Entry Level · Creative/Design/Art · IT/Software Development · Engineering - Telecom/Technology · Angular · Full Stack · Information Technology (IT) · Java · React · Software Development · JavaScript,https://wuzzuf.net/internship/BVmvftoFNMmi-Full-Stack-Developer-appcorp-Cairo-Egypt?o=81&l=sp&t=sj&a=python|search-v3|navbl,,
Autonomous Systems team lead,Confidential ,"Giza, Egypt",2 days ago,Manager · 4 - 7 Yrs of Exp · IT/Software Development · Computer Engineering · Computer Science · Software Development · Information Technology (IT) · Science · Software · HTML · Git,https://wuzzuf.net/jobs/p/fmvuSJjYR2nh-Autonomous-Systems-team-lead-Giza-Egypt?o=82&l=sp&t=sj&a=python|search-v3|navbl,,
MERN Stack Developer,Confidential ,"Cairo, Egypt",4 days ago,Experienced · 5 - 9 Yrs of Exp · IT/Software Development · React Native · Node.js · MongoDB · Amazon AWS,https://wuzzuf.net/jobs/p/JHbXpKhQx6vz-MERN-Stack-Developer-Cairo-Egypt?o=83&l=sp&t=sj&a=python|search-v3|navbl,,
IT Technical Support (Work Will Be Allocated In Africa) 23002,Confidential ,"Cairo, Egypt",5 days ago,Experienced · 5 - 15 Yrs of Exp · Installation/Maintenance/Repair · IT/Software Development · Engineering - Telecom/Technology · Information Technology (IT) · Computer Hardware · Installation · Networks · Hardware · LAN · WAN,https://wuzzuf.net/jobs/p/WvoquW2GqCZ8-IT-Technical-Support-Work-Will-Be-Allocated-In-Africa-23002-Cairo-Egypt?o=84&l=sp&t=sj&a=python|search-v3|navbl,,
Senior Business Intelligence Developer,FlairsTech ,"Maadi, Cairo, Egypt",7 days ago,Experienced · 4 - 6 Yrs of Exp · IT/Software Development · Engineering - Telecom/Technology · BI · Software Development · Analysis · Data Analysis · Software Engineering · Computer Science · English · Tableau,https://wuzzuf.net/jobs/p/L98KnaBTgk62-Senior-Business-Intelligence-Developer-FlairsTech-Cairo-Egypt?o=85&l=sp&t=sj&a=python|search-v3|navbl,,
Senior Network Infrastructure Engineer,Mantrac ,"10th of Ramadan City, Cairo, Egypt",8 days ago,Experienced · 10 - 12 Yrs of Exp · IT/Software Development · Engineering - Telecom/Technology · Information Technology (IT) · Networking · Engineering · Computer Science · Computer Engineering · WAN · TCP · TCP/IP,https://wuzzuf.net/jobs/p/BIk35OWAf4Sl-Senior-Network-Infrastructure-Engineer-Mantrac-Cairo-Egypt?o=86&l=sp&t=sj&a=python|search-v3|navbl,,
Senior QC engineer,Ultimus ,"New Cairo, Cairo, Egypt",9 days ago,Experienced · 4 - 6 Yrs of Exp · IT/Software Development · Computer Science · Information Technology (IT) · QA,https://wuzzuf.net/jobs/p/ByrCnpUZx9Mh-Senior-QC-engineer-Ultimus-Cairo-Egypt?o=87&l=sp&t=sj&a=python|search-v3|navbl,,
Senior Backend Developer,Nahdet Misr Publishing Group ,"Mohandessin, Giza, Egypt",13 days ago,Experienced · 5 - 7 Yrs of Exp · IT/Software Development · Engineering - Other · Backend developer · backend · Computer Science · Information Technology (IT) · developer · senior · Software Development · Software Engineering,https://wuzzuf.net/jobs/p/RauyavZgth5k-Senior-Backend-Developer-Nahdet-Misr-Publishing-Group-Giza-Egypt?o=88&l=sp&t=sj&a=python|search-v3|navbl,,
Sr. Quality Assurance Analyst,Salem Ventures ,"New Cairo, Cairo, Egypt",13 days ago,Experienced · 5 - 8 Yrs of Exp · IT/Software Development · Quality · Engineering - Telecom/Technology · Computer Science · QA · Quality Assurance · Quality Control · Science · Selenium · Software Development,https://wuzzuf.net/jobs/p/KGh10yYfeyb3-Sr-Quality-Assurance-Analyst-Salem-Ventures-Cairo-Egypt?o=89&l=sp&t=sj&a=python|search-v3|navbl,,
Senior Data Management Engineer,Ejada  ,"Cairo, Egypt",14 days ago,Experienced · 5+ Yrs of Exp · IT/Software Development · Engineering - Telecom/Technology · Information Technology (IT) · data engineer,https://wuzzuf.net/jobs/p/hBvUbhBkorHH-Senior-Data-Management-Engineer-Ejada-Cairo-Egypt?o=90&l=sp&t=sj&a=python|search-v3|navbl,,
Cloud Cybersecurity Supervisor,Ejada  ,"Jeddah, Saudi Arabia",14 days ago,Experienced · 5 - 7 Yrs of Exp · Banking · IT/Software Development · Cloud · Computer Science,https://wuzzuf.net/jobs/p/QnGt0YpHRcEe-Cloud-Cybersecurity-Supervisor-Ejada-Jeddah-Saudi-Arabia?o=91&l=sp&t=sj&a=python|search-v3|navbl,,
Data Management Engineer,Ejada  ,"Cairo, Egypt",14 days ago,Entry Level · 3 - 5 Yrs of Exp · IT/Software Development · Engineering - Telecom/Technology · Computer Science · Data Engineering,https://wuzzuf.net/jobs/p/dQBEtUvciP43-Data-Management-Engineer-Ejada-Cairo-Egypt?o=92&l=sp&t=sj&a=python|search-v3|navbl,,
Linux System Administrator,Fixed Solutions ,"Sheraton, Cairo, Egypt",15 days ago,Experienced · 2 - 4 Yrs of Exp · IT/Software Development · Engineering - Telecom/Technology · Administration · CCNA · Computer Engineering · Computer Science · Engineering · Information Technology (IT) · Linux · Network Administration,https://wuzzuf.net/jobs/p/84n8dWlJkDAb-Linux-System-Administrator-Fixed-Solutions-Cairo-Egypt?o=93&l=sp&t=sj&a=python|search-v3|navbl,,
Programming / Computer Science Instructor for Students,Edu-Zone ,"Cairo, Egypt",16 days ago,Entry Level · 1 - 3 Yrs of Exp · IT/Software Development · Engineering - Telecom/Technology · Education/Teaching · Software Development · Software Engineering · Java Software Development · Android Software · Computer Science · Computer Engineering · Computer Systems,https://wuzzuf.net/jobs/p/YvS1aCLX9iDM-Programming-Computer-Science-Instructor-for-Students-Edu-Zone-Cairo-Egypt?o=94&l=sp&t=sj&a=python|search-v3|navbl,,
PHP Technical Lead,LINK Development ,"Maadi, Cairo, Egypt",16 days ago,Manager · 6 - 10 Yrs of Exp · IT/Software Development · PHP · Laravel Framework · Apache · Docker · JavaScript · SQL,https://wuzzuf.net/jobs/p/HfIMVzzQ4tco-PHP-Technical-Lead-LINK-Development-Cairo-Egypt?o=95&l=sp&t=sj&a=python|search-v3|navbl,,
Senior Data Analyst,Fawry for Banking Technology and Electronic Payments S.A.E ,"Smart Village, Giza, Egypt",21 days ago,Experienced · 2 - 5 Yrs of Exp · Business Development · Analyst/Research · Analysis · analytical · Analyst · Business Intelligence · business · Data · Data Analysis · Information Technology (IT),https://wuzzuf.net/jobs/p/YI5pC9RYrl9S-Senior-Data-Analyst-Fawry-for-Banking-Technology-and-Electronic-Payments-S-A-E-Giza-Egypt?o=96&l=sp&t=sj&a=python|search-v3|navbl,,
PHP Web Developer,(MSA) October University ,"6th of October, Giza, Egypt",21 days ago,Experienced · 4 - 6 Yrs of Exp · IT/Software Development · Engineering - Telecom/Technology · Computer Engineering · Computer Science · HTML5 · JavaScript · CSS3 · Web Development · PHP · Laravel,https://wuzzuf.net/jobs/p/CcVsSItRGVIh-PHP-Web-Developer-MSA-October-University-Giza-Egypt?o=97&l=sp&t=sj&a=python|search-v3|navbl,,
Senior Full-stack Software Engineer (Ionic / .Netcore ),Confidential ,"New Cairo, Cairo, Egypt",22 days ago,Experienced · 3 - 5 Yrs of Exp · IT/Software Development · Project/Program Management · Sports and Leisure · Full Stack · Ionic · .netcore,https://wuzzuf.net/jobs/p/wbv4XDrDVQA4-Senior-Full-stack-Software-Engineer-Ionic-Netcore-Cairo-Egypt?o=98&l=sp&t=sj&a=python|search-v3|navbl,,
SOC Analyst Tier1,Confidential ,"Nasr City, Cairo, Egypt",27 days ago,Experienced · 1 - 2 Yrs of Exp · IT/Software Development · Linux · SIEM · Information Technology (IT) · Technical Analysis,https://wuzzuf.net/jobs/p/blqbKeydPYzX-SOC-Analyst-Tier1-Cairo-Egypt?o=99&l=sp&t=sj&a=python|search-v3|navbl,,
Odoo Developer,Parkville Pharmaceuticals ,"Mohandessin, Giza, Egypt",30 days ago,Experienced · 3 - 5 Yrs of Exp · IT/Software Development · Information Technology (IT) · Odoo,https://wuzzuf.net/jobs/p/8VFg05Qx2EBK-Odoo-Developer-Parkville-Pharmaceuticals-Giza-Egypt?o=100&l=sp&t=sj&a=python|search-v3|navbl,,
Support Engineer,Ejada  ,"Cairo, Egypt",30 days ago,Entry Level · 2 - 5 Yrs of Exp · IT/Software Development · Linux · Networking · SQL · Information Technology (IT),https://wuzzuf.net/jobs/p/OSh30wqH9wG1-Support-Engineer-Ejada-Cairo-Egypt?o=101&l=sp&t=sj&a=python|search-v3|navbl,,
Senior Dot Net (Full Stack Developer) - Multinational,Pillars ,"Cairo, Egypt",14 days ago,Experienced · 5+ Yrs of Exp · IT/Software Development · Engineering - Telecom/Technology · Full Stack · Angular · Computer Science · Software Development · HTML · Information Technology (IT) · JavaScript · MySQL,https://wuzzuf.net/jobs/p/HNqa5A4HB1gY-Senior-Dot-Net-Full-Stack-Developer---Multinational-Pillars-Cairo-Egypt?o=102&l=sp&t=sj&a=python|search-v3|navbl,,
Apigee API developer,Ejada  ,"Hadayek Alkobba, Cairo, Egypt",1 month ago,Experienced · 1 - 3 Yrs of Exp · IT/Software Development · Computer Engineering · APIs,https://wuzzuf.net/jobs/p/8FDbovOw9NxM-Apigee-API-developer-Ejada-Cairo-Egypt?o=103&l=sp&t=sj&a=python|search-v3|navbl,,
Senior BI Developer,FlairsTech ,"Maadi, Cairo, Egypt",1 month ago,Experienced · 4 - 6 Yrs of Exp · IT/Software Development · Engineering - Telecom/Technology · BI · Software Development · Analysis · Data Analysis · Software Engineering · Computer Science · English · Tableau,https://wuzzuf.net/jobs/p/TVvDIpikLcvd-Senior-BI-Developer-FlairsTech-Cairo-Egypt?o=104&l=sp&t=sj&a=python|search-v3|navbl,,
System Administrator,RDI ,"Dokki, Giza, Egypt",23 days ago,Experienced · 2+ Yrs of Exp · Installation/Maintenance/Repair · IT/Software Development · Engineering - Telecom/Technology · Network Administration · Information Technology (IT) · Networking · Linux · CCNA · CCNP · System Administration,https://wuzzuf.net/jobs/p/LLi8tQxrgcMc-System-Administrator-RDI-Giza-Egypt?o=105&l=sp&t=sj&a=python|search-v3|navbl,,
Senior Software Engineer,Emirates Airline ,"Dubai, United Arab Emirates",1 month ago,Experienced · 5+ Yrs of Exp · IT/Software Development · Engineering - Telecom/Technology · C# · Java · Software · Software Development · Software Engineering · SQL · Agile · Computer Engineering,https://wuzzuf.net/jobs/p/xOrdCxb22Lrk-Senior-Software-Engineer-Emirates-Airline-Dubai-United-Arab-Emirates?o=106&l=sp&t=sj&a=python|search-v3|navbl,,
Senior Data Modeler,BBI-Consultancy ,"Cairo, Egypt",1 month ago,Experienced · 4 - 7 Yrs of Exp · IT/Software Development · analytical · Computer Science · Data · Data Mining · Database · Information Technology (IT) · SQL · Data Modeling · Data Modeler,https://wuzzuf.net/jobs/p/MSfNAjuV95Yw-Senior-Data-Modeler-BBI-Consultancy-Cairo-Egypt?o=107&l=sp&t=sj&a=python|search-v3|navbl,,
Full Stack Developer,SEOS7 ,"Giza, Egypt",1 month ago,Experienced · 4 - 7 Yrs of Exp · IT/Software Development · JavaScript · CSS · HTML · MySQL · Software Development,https://wuzzuf.net/jobs/p/wb04mpm7LdQw-Full-Stack-Developer-SEOS7-Giza-Egypt?o=108&l=sp&t=sj&a=python|search-v3|navbl,,
Android Developer (E73F994A),Confidential ,"New Cairo, Cairo, Egypt",2 months ago,Entry Level · 1+ Yrs of Exp · IT/Software Development · Engineering - Telecom/Technology · Android · Android SDK · Kotlin · Java · Git · Software Development · OO Programming · Software Engineering,https://wuzzuf.net/jobs/p/ZI4iDXWarg46-Android-Developer-E73F994A-Cairo-Egypt?o=109&l=sp&t=sj&a=python|search-v3|navbl,,
Full-Stack developer (Laravel),Viteeka Tech and Electronics ,"Haram, Giza, Egypt",2 months ago,Experienced · 0 - 10 Yrs of Exp · IT/Software Development · CSS · Computer Science · HTML · Information Technology (IT) · MongoDB · MySQL · Software Development · API · PHP,https://wuzzuf.net/jobs/p/hj75jGZZgFyu-Full-Stack-developer-Laravel-Viteeka-Tech-and-Electronics-Giza-Egypt?o=110&l=sp&t=sj&a=python|search-v3|navbl,,
Coding Teacher,More Ideas General Trading LLC ,"Dubai, United Arab Emirates",2 months ago,Entry Level · 0 - 1 Yrs of Exp · Education/Teaching · Teaching · Coaching · Mentoring,https://wuzzuf.net/jobs/p/UJB54cEjSIuN-Coding-Teacher-Tasfiya-Shaikh-Dubai-United-Arab-Emirates?o=111&l=sp&t=sj&a=python|search-v3|navbl,,
"Infrastructure Engineer, Fintech",Optasia ,"Downtown, Cairo, Egypt",2 months ago,Experienced · 3 - 7 Yrs of Exp · IT/Software Development · Engineering - Telecom/Technology · Computer Science · Information Technology (IT) · Infrastructure · Networking · Software · Cloud,https://wuzzuf.net/jobs/p/LMaNalvZtRbR-Infrastructure-Engineer-Fintech-Optasia-Cairo-Egypt?o=112&l=sp&t=sj&a=python|search-v3|navbl,,
PHP/WordPress Developer - 8+ years experience - English Speaker,9H Capital  ,"Cairo, Egypt",2 months ago,Experienced · 8 - 12 Yrs of Exp · IT/Software Development · PHP · WordPress · Git · Bitbucket · MySQL · HTML5 · Sass · Laravel · Web Design,https://wuzzuf.net/jobs/p/FODrCYKB3zuw-PHPWordPress-Developer---8-years-experience---English-Speaker-9H-Capital-Cairo-Egypt?o=113&l=sp&t=sj&a=python|search-v3|navbl,,
ASIC Verification Engineer,Cisco ,"Cairo, Egypt",1 month ago,Experienced · 2 - 7 Yrs of Exp · IT/Software Development · Engineering - Telecom/Technology · Engineering - Other · ASIC · Verification · Verilog,https://wuzzuf.net/jobs/p/7SMpjvY8LUls-ASIC-Verification-Engineer-Cisco-Cairo-Egypt?o=114&l=sp&t=sj&a=python|search-v3|navbl,,
Systems Business Consultant-Primavera Unifier,Confidential ,"New Cairo, Cairo, Egypt",2 months ago,Experienced · 1 - 5 Yrs of Exp · IT/Software Development · Analyst/Research · Engineering - Telecom/Technology · Business Consultant · Information Technology (IT) · Consultant · Construction,https://wuzzuf.net/jobs/p/KuyQcr0DkOpi-Systems-Business-Consultant-Primavera-Unifier-Cairo-Egypt?o=115&l=sp&t=sj&a=python|search-v3|navbl,,
Robotics Engineer Instructor (For Kids),Edu-Zone ,"Cairo, Egypt",2 months ago,Entry Level · 0 - 3 Yrs of Exp · IT/Software Development · Engineering - Telecom/Technology · Training/Instructor · Teaching · Education · STEAM · Computer Skills · Astronomy · Science · Physics,https://wuzzuf.net/jobs/p/cTgqAci0FSBI-Robotics-Engineer-Instructor-For-Kids-Edu-Zone-Cairo-Egypt?o=116&l=sp&t=sj&a=python|search-v3|navbl,,
Senior .Net Developer (.Net | Microservice | React Native),FlairsTech ,"Cairo, Egypt",2 months ago,Experienced · 5 - 8 Yrs of Exp · IT/Software Development · AWS · APIs · .Net · react native,https://wuzzuf.net/jobs/p/Lz2bpsObrMgn-Senior-Net-Developer-Net-Microservice-React-Native-FlairsTech-Cairo-Egypt?o=117&l=sp&t=sj&a=python|search-v3|navbl,,
Senior JavaScript Mobile engineer (Angular/Cordova)- Remote,GetTechForce.com ,"Cairo, Egypt",2 months ago,Experienced · 3+ Yrs of Exp · IT/Software Development · Engineering - Telecom/Technology · JavaScript · React · Frontend · Software Development · Js · React.js · Agile · Angular,https://wuzzuf.net/jobs/p/3vVNGlwwPAM5-Senior-JavaScript-Mobile-engineer-AngularCordova--Remote-GetTechForce-com-Cairo-Egypt?o=118&l=sp&t=sj&a=python|search-v3|navbl,,
Odoo Developer,Perfect Presentation ,"6th of October, Giza, Egypt",2 months ago,Experienced · 5 - 7 Yrs of Exp · IT/Software Development · Odoo · Information Technology (IT) · Computer Science,https://wuzzuf.net/jobs/p/GnzXODKcturu-Odoo-Developer-Perfect-Presentation-Giza-Egypt?o=119&l=sp&t=sj&a=python|search-v3|navbl,,
Odoo Functional Consultant & Project Manager,Quick Services ,"Maadi, Cairo, Egypt",2 months ago,Manager · 4 - 9 Yrs of Exp · IT/Software Development · Project/Program Management · Strategy/Consulting · Odoo functional consultant · Odoo functional · Project Management · Functional · ERP,https://wuzzuf.net/jobs/p/ZxFbkOCchob9-Odoo-Functional-Consultant-Project-Manager-Quick-Services-Cairo-Egypt?o=120&l=sp&t=sj&a=python|search-v3|navbl,,
